Category,Name,RelativePath,HrefPath,Length,LastWriteTime
00 ASHRAE,Standard 180-2018 -- Standard Practice for Inspection and Maintenance of Commercial Building HVAC Systems.pdf,00 Codes\00 ASHRAE\ASHRAE 180 - 2018\Standard 180-2018 -- Standard Practice for Inspection and Maintenance of Commercial Building HVAC Systems.pdf,../00 Codes/00 ASHRAE/ASHRAE 180 - 2018/Standard 180-2018 -- Standard Practice for Inspection and Maintenance of Commercial Building HVAC Systems.pdf,513889,2025-10-14 11:04
00 ASHRAE,ASHRAE Standard 189.1-2009 High-Performance Green Buildings.pdf,00 Codes\00 ASHRAE\ASHRAE 189.1 - 2009\ASHRAE Standard 189.1-2009 High-Performance Green Buildings.pdf,../00 Codes/00 ASHRAE/ASHRAE 189.1 - 2009/ASHRAE Standard 189.1-2009 High-Performance Green Buildings.pdf,50925867,2015-06-23 10:16
00 ASHRAE,ASHRAE Standard 189.1-2011 High-Performance Green Buildings.pdf,00 Codes\00 ASHRAE\ASHRAE 189.1 - 2011\ASHRAE Standard 189.1-2011 High-Performance Green Buildings.pdf,../00 Codes/00 ASHRAE/ASHRAE 189.1 - 2011/ASHRAE Standard 189.1-2011 High-Performance Green Buildings.pdf,17307249,2015-06-22 15:42
00 ASHRAE,ASHRAE Guideline 36 - High Performance Sequences of Operation for HVAC.pdf,00 Codes\00 ASHRAE\ASHRAE 36 - 2018\ASHRAE Guideline 36 - High Performance Sequences of Operation for HVAC.pdf,../00 Codes/00 ASHRAE/ASHRAE 36 - 2018/ASHRAE Guideline 36 - High Performance Sequences of Operation for HVAC.pdf,4245508,2021-06-14 15:06
00 ASHRAE,ASHRAE 55_2004 Thermal Environmental Conditiosn for Human Occupancy.pdf,00 Codes\00 ASHRAE\ASHRAE 55 - 2004\ASHRAE 55_2004 Thermal Environmental Conditiosn for Human Occupancy.pdf,../00 Codes/00 ASHRAE/ASHRAE 55 - 2004/ASHRAE 55_2004 Thermal Environmental Conditiosn for Human Occupancy.pdf,1510433,2005-07-14 14:50
00 ASHRAE,ASHRAE-55-2010.pdf,00 Codes\00 ASHRAE\ASHRAE 55 - 2010\ASHRAE-55-2010.pdf,../00 Codes/00 ASHRAE/ASHRAE 55 - 2010/ASHRAE-55-2010.pdf,2405791,2019-11-04 13:06
00 ASHRAE,ASHRAE 55 2013 User Manual.pdf,00 Codes\00 ASHRAE\ASHRAE 55 - 2013\ASHRAE 55 2013 User Manual.pdf,../00 Codes/00 ASHRAE/ASHRAE 55 - 2013/ASHRAE 55 2013 User Manual.pdf,3561155,2019-11-04 14:18
00 ASHRAE,ASHRAE 55 2017.pdf,00 Codes\00 ASHRAE\ASHRAE 55 - 2017\ASHRAE 55 2017.pdf,../00 Codes/00 ASHRAE/ASHRAE 55 - 2017/ASHRAE 55 2017.pdf,7887866,2020-04-26 12:52
00 ASHRAE,62-2001_Addendum-n.pdf,00 Codes\00 ASHRAE\ASHRAE 62.1 - 2001\62-2001_Addendum-n.pdf,../00 Codes/00 ASHRAE/ASHRAE 62.1 - 2001/62-2001_Addendum-n.pdf,231450,2020-02-06 17:16
00 ASHRAE,62-2001_Addendum-y.pdf,00 Codes\00 ASHRAE\ASHRAE 62.1 - 2001\62-2001_Addendum-y.pdf,../00 Codes/00 ASHRAE/ASHRAE 62.1 - 2001/62-2001_Addendum-y.pdf,181865,2019-03-20 15:32
00 ASHRAE,ASHRAE 62.1-2001 - ADDENDUM AtoE.pdf,00 Codes\00 ASHRAE\ASHRAE 62.1 - 2001\ASHRAE 62.1-2001 - ADDENDUM AtoE.pdf,../00 Codes/00 ASHRAE/ASHRAE 62.1 - 2001/ASHRAE 62.1-2001 - ADDENDUM AtoE.pdf,708721,2017-04-11 9:32
00 ASHRAE,ASHRAE 62.1-2001 - ADDENDUM K.pdf,00 Codes\00 ASHRAE\ASHRAE 62.1 - 2001\ASHRAE 62.1-2001 - ADDENDUM K.pdf,../00 Codes/00 ASHRAE/ASHRAE 62.1 - 2001/ASHRAE 62.1-2001 - ADDENDUM K.pdf,1248506,2017-04-11 9:32
00 ASHRAE,ASHRAE 62.1-2001 - ADDENDUM N.pdf,00 Codes\00 ASHRAE\ASHRAE 62.1 - 2001\ASHRAE 62.1-2001 - ADDENDUM N.pdf,../00 Codes/00 ASHRAE/ASHRAE 62.1 - 2001/ASHRAE 62.1-2001 - ADDENDUM N.pdf,958747,2017-04-11 9:33
00 ASHRAE,ASHRAE 62.1-2001 - ADDENDUM O.pdf,00 Codes\00 ASHRAE\ASHRAE 62.1 - 2001\ASHRAE 62.1-2001 - ADDENDUM O.pdf,../00 Codes/00 ASHRAE/ASHRAE 62.1 - 2001/ASHRAE 62.1-2001 - ADDENDUM O.pdf,356899,2017-04-11 9:33
00 ASHRAE,ASHRAE 62.1-2001 - Partial.pdf,00 Codes\00 ASHRAE\ASHRAE 62.1 - 2001\ASHRAE 62.1-2001 - Partial.pdf,../00 Codes/00 ASHRAE/ASHRAE 62.1 - 2001/ASHRAE 62.1-2001 - Partial.pdf,1611860,2018-05-15 16:35
00 ASHRAE,ASHRAE 62.1-2001.pdf,00 Codes\00 ASHRAE\ASHRAE 62.1 - 2001\ASHRAE 62.1-2001.pdf,../00 Codes/00 ASHRAE/ASHRAE 62.1 - 2001/ASHRAE 62.1-2001.pdf,3413373,2017-04-11 9:31
00 ASHRAE,Standard 62-2003.pdf,00 Codes\00 ASHRAE\ASHRAE 62.1 - 2003\Standard 62-2003.pdf,../00 Codes/00 ASHRAE/ASHRAE 62.1 - 2003/Standard 62-2003.pdf,227204,2017-07-27 10:12
00 ASHRAE,ASHRAE 62.1-2007.pdf,00 Codes\00 ASHRAE\ASHRAE 62.1 - 2007\ASHRAE 62.1-2007.pdf,../00 Codes/00 ASHRAE/ASHRAE 62.1 - 2007/ASHRAE 62.1-2007.pdf,804152,2018-08-13 16:14
00 ASHRAE,ASHRAE 62.1-2010.pdf,00 Codes\00 ASHRAE\ASHRAE 62.1 - 2010\ASHRAE 62.1-2010.pdf,../00 Codes/00 ASHRAE/ASHRAE 62.1 - 2010/ASHRAE 62.1-2010.pdf,836357,2023-09-29 8:06
00 ASHRAE,ASHRAE 62.1-2013.pdf,00 Codes\00 ASHRAE\ASHRAE 62.1 - 2013\ASHRAE 62.1-2013.pdf,../00 Codes/00 ASHRAE/ASHRAE 62.1 - 2013/ASHRAE 62.1-2013.pdf,1130012,2020-05-19 17:46
00 ASHRAE,ASHRAE 62.1-2016.pdf,00 Codes\00 ASHRAE\ASHRAE 62.1 - 2016\ASHRAE 62.1-2016.pdf,../00 Codes/00 ASHRAE/ASHRAE 62.1 - 2016/ASHRAE 62.1-2016.pdf,1224146,2025-10-26 16:07
00 ASHRAE,ASHRAE 62.1_Addenda - Animal Facilities 2016.pdf,00 Codes\00 ASHRAE\ASHRAE 62.1 - 2016\ASHRAE 62.1_Addenda - Animal Facilities 2016.pdf,../00 Codes/00 ASHRAE/ASHRAE 62.1 - 2016/ASHRAE 62.1_Addenda - Animal Facilities 2016.pdf,421182,2020-04-08 9:15
00 ASHRAE,ASHRAE Standard 90.1-2010 I-P Edition.pdf,00 Codes\00 ASHRAE\ASHRAE 90.1 - 2010\ASHRAE Standard 90.1-2010 I-P Edition.pdf,../00 Codes/00 ASHRAE/ASHRAE 90.1 - 2010/ASHRAE Standard 90.1-2010 I-P Edition.pdf,6376211,2017-09-25 17:02
00 ASHRAE,AshraeStandard 90.1-2010_unlocked.pdf,00 Codes\00 ASHRAE\ASHRAE 90.1 - 2010\AshraeStandard 90.1-2010_unlocked.pdf,../00 Codes/00 ASHRAE/ASHRAE 90.1 - 2010/AshraeStandard 90.1-2010_unlocked.pdf,6549891,2023-08-02 15:58
00 ASHRAE,ASHRAE-90.1 - 2016.pdf,00 Codes\00 ASHRAE\ASHRAE 90.1 - 2016\ASHRAE-90.1 - 2016.pdf,../00 Codes/00 ASHRAE/ASHRAE 90.1 - 2016/ASHRAE-90.1 - 2016.pdf,26166569,2023-08-04 10:29
00 ASHRAE,ASHRAE Fundamentals - 2017 - Imperial.pdf,00 Codes\00 ASHRAE\Fundamentals\ASHRAE Fundamentals - 2017 - Imperial.pdf,../00 Codes/00 ASHRAE/Fundamentals/ASHRAE Fundamentals - 2017 - Imperial.pdf,39218092,2018-05-09 10:08
00 ASHRAE,ASHRAE Fundamentals - 2017 - SI.pdf,00 Codes\00 ASHRAE\Fundamentals\ASHRAE Fundamentals - 2017 - SI.pdf,../00 Codes/00 ASHRAE/Fundamentals/ASHRAE Fundamentals - 2017 - SI.pdf,37918620,2018-05-09 10:14
00 ASHRAE,Fundamentals 2021.pdf,00 Codes\00 ASHRAE\Fundamentals\Fundamentals 2021.pdf,../00 Codes/00 ASHRAE/Fundamentals/Fundamentals 2021.pdf,179124729,2025-03-10 12:46
00 ASHRAE,I-P 2021.pdf,00 Codes\00 ASHRAE\Fundamentals\I-P 2021.pdf,../00 Codes/00 ASHRAE/Fundamentals/I-P 2021.pdf,179140185,2021-11-07 12:13
00 ASHRAE,2015-Ashrae-Handbook-Hvac-Applications-2015.pdf,00 Codes\00 ASHRAE\Handbooks\2015-Ashrae-Handbook-Hvac-Applications-2015.pdf,../00 Codes/00 ASHRAE/Handbooks/2015-Ashrae-Handbook-Hvac-Applications-2015.pdf,45326057,2022-05-27 13:48
00 ASHRAE,2023-HVAC APPLICATIONS-IP.pdf,00 Codes\00 ASHRAE\Handbooks\2023-HVAC APPLICATIONS-IP.pdf,../00 Codes/00 ASHRAE/Handbooks/2023-HVAC APPLICATIONS-IP.pdf,390929189,2023-06-26 11:44
00 ASHRAE,2023-HVAC APPLICATIONS-SI.pdf,00 Codes\00 ASHRAE\Handbooks\2023-HVAC APPLICATIONS-SI.pdf,../00 Codes/00 ASHRAE/Handbooks/2023-HVAC APPLICATIONS-SI.pdf,385921137,2023-06-26 11:41
00 ASHRAE,ASHRAE HVAC Applications Handbook - 2015 - Imperial.pdf,00 Codes\00 ASHRAE\Handbooks\ASHRAE HVAC Applications Handbook - 2015 - Imperial.pdf,../00 Codes/00 ASHRAE/Handbooks/ASHRAE HVAC Applications Handbook - 2015 - Imperial.pdf,162538313,2018-05-09 10:15
00 ASHRAE,ASHRAE HVAC Applications Handbook - 2015 - SI.pdf,00 Codes\00 ASHRAE\Handbooks\ASHRAE HVAC Applications Handbook - 2015 - SI.pdf,../00 Codes/00 ASHRAE/Handbooks/ASHRAE HVAC Applications Handbook - 2015 - SI.pdf,160132090,2018-05-09 10:15
00 ASHRAE,ASHRAE Refrigeration Handbook  - 2014 - SI.pdf,00 Codes\00 ASHRAE\Handbooks\ASHRAE Refrigeration Handbook  - 2014 - SI.pdf,../00 Codes/00 ASHRAE/Handbooks/ASHRAE Refrigeration Handbook  - 2014 - SI.pdf,52592626,2018-05-09 10:17
00 ASHRAE,ASHRAE Systems and Equipment Handbook - 2016 - SI (1).pdf,00 Codes\00 ASHRAE\Handbooks\ASHRAE Systems and Equipment Handbook - 2016 - SI (1).pdf,../00 Codes/00 ASHRAE/Handbooks/ASHRAE Systems and Equipment Handbook - 2016 - SI (1).pdf,143402112,2018-05-09 10:18
00 CSA - Canadian Standards Association,CSA B139 - Installation Code for Oil Burning Equipment - 2015.pdf,00 Codes\00 CSA - Canadian Standards Association\CSA B139 - Installation Code for Oil Burning Equipment - 2015.pdf,../00 Codes/00 CSA - Canadian Standards Association/CSA B139 - Installation Code for Oil Burning Equipment - 2015.pdf,5480134,2018-05-07 14:07
00 CSA - Canadian Standards Association,CSA B149HB - Natural Gas and Propoane Handbook - 2020.pdf,00 Codes\00 CSA - Canadian Standards Association\CSA B149HB - Natural Gas and Propoane Handbook - 2020.pdf,../00 Codes/00 CSA - Canadian Standards Association/CSA B149HB - Natural Gas and Propoane Handbook - 2020.pdf,85329990,2023-09-13 13:28
00 CSA - Canadian Standards Association,CSA B44 - Elevator Code with Alberta Amendments - 2007.pdf,00 Codes\00 CSA - Canadian Standards Association\CSA B44 - Elevator Code with Alberta Amendments - 2007.pdf,../00 Codes/00 CSA - Canadian Standards Association/CSA B44 - Elevator Code with Alberta Amendments - 2007.pdf,3735522,2014-04-16 8:56
00 CSA - Canadian Standards Association,CSA B51 - Pressure Equipment Safety Regulation - 2006.pdf,00 Codes\00 CSA - Canadian Standards Association\CSA B51 - Pressure Equipment Safety Regulation - 2006.pdf,../00 Codes/00 CSA - Canadian Standards Association/CSA B51 - Pressure Equipment Safety Regulation - 2006.pdf,322752,2021-04-28 13:02
00 CSA - Canadian Standards Association,CSA B52 - Mechanical Refrig Code - 2005.pdf,00 Codes\00 CSA - Canadian Standards Association\CSA B52 - Mechanical Refrig Code - 2005.pdf,../00 Codes/00 CSA - Canadian Standards Association/CSA B52 - Mechanical Refrig Code - 2005.pdf,1501066,2023-12-04 15:58
00 CSA - Canadian Standards Association,CSA B52HB - Mechanical Refrig Handbook - 2005.pdf,00 Codes\00 CSA - Canadian Standards Association\CSA B52HB - Mechanical Refrig Handbook - 2005.pdf,../00 Codes/00 CSA - Canadian Standards Association/CSA B52HB - Mechanical Refrig Handbook - 2005.pdf,2653337,2014-07-29 8:04
00 CSA - Canadian Standards Association,CSA B64.10 B64.10.1 - Backflow preventers - 2007.pdf,00 Codes\00 CSA - Canadian Standards Association\CSA B64.10 B64.10.1 - Backflow preventers - 2007.pdf,../00 Codes/00 CSA - Canadian Standards Association/CSA B64.10 B64.10.1 - Backflow preventers - 2007.pdf,3529460,2020-04-22 11:39
00 CSA - Canadian Standards Association,CSA C282-19 - Emergency Electrical Power .pdf,00 Codes\00 CSA - Canadian Standards Association\CSA C282-19 - Emergency Electrical Power .pdf,../00 Codes/00 CSA - Canadian Standards Association/CSA C282-19 - Emergency Electrical Power .pdf,1934451,2023-03-21 10:29
00 CSA - Canadian Standards Association,"CSA W117.2 Safety in welding, cutting and allied processes - 2014.pdf","00 Codes\00 CSA - Canadian Standards Association\CSA W117.2 Safety in welding, cutting and allied processes - 2014.pdf","../00 Codes/00 CSA - Canadian Standards Association/CSA W117.2 Safety in welding, cutting and allied processes - 2014.pdf",6118939,2016-05-17 8:13
00 CSA - Canadian Standards Association,CSA Z180.1 - Compressed air breathing systems - 2005.pdf,00 Codes\00 CSA - Canadian Standards Association\CSA Z180.1 - Compressed air breathing systems - 2005.pdf,../00 Codes/00 CSA - Canadian Standards Association/CSA Z180.1 - Compressed air breathing systems - 2005.pdf,4239892,2016-02-16 10:02
00 CSA - Canadian Standards Association,CSA Z275.1 - Hyperbaric Facilities - 2005.pdf,00 Codes\00 CSA - Canadian Standards Association\CSA Z275.1 - Hyperbaric Facilities - 2005.pdf,../00 Codes/00 CSA - Canadian Standards Association/CSA Z275.1 - Hyperbaric Facilities - 2005.pdf,823304,2016-01-18 9:31
00 CSA - Canadian Standards Association,CSA Z314-23 MDRD Standards.pdf,00 Codes\00 CSA - Canadian Standards Association\CSA Z314-23 MDRD Standards.pdf,../00 Codes/00 CSA - Canadian Standards Association/CSA Z314-23 MDRD Standards.pdf,5347677,2024-11-20 15:28
00 CSA - Canadian Standards Association,CSA Z317.1 - Special requirements for plumbing installations in health care facilities - 2016.pdf,00 Codes\00 CSA - Canadian Standards Association\CSA Z317.1 - Special requirements for plumbing installations in health care facilities - 2016.pdf,../00 Codes/00 CSA - Canadian Standards Association/CSA Z317.1 - Special requirements for plumbing installations in health care facilities - 2016.pdf,1760469,2017-05-10 16:38
00 CSA - Canadian Standards Association,CSA Z317.1 2021 - Special Requirements for Plumbing Installations in Healthcare Facilities.pdf,00 Codes\00 CSA - Canadian Standards Association\CSA Z317.1 2021 - Special Requirements for Plumbing Installations in Healthcare Facilities.pdf,../00 Codes/00 CSA - Canadian Standards Association/CSA Z317.1 2021 - Special Requirements for Plumbing Installations in Healthcare Facilities.pdf,1314780,2025-02-26 15:10
00 CSA - Canadian Standards Association,CSA Z317.1-21 - Special requirements for plumbing installaton in health care facilities.pdf,00 Codes\00 CSA - Canadian Standards Association\CSA Z317.1-21 - Special requirements for plumbing installaton in health care facilities.pdf,../00 Codes/00 CSA - Canadian Standards Association/CSA Z317.1-21 - Special requirements for plumbing installaton in health care facilities.pdf,17390258,2026-03-03 15:37
00 CSA - Canadian Standards Association,CSA Z317.13-17 CL - Infection Control.pdf,00 Codes\00 CSA - Canadian Standards Association\CSA Z317.13-17 CL - Infection Control.pdf,../00 Codes/00 CSA - Canadian Standards Association/CSA Z317.13-17 CL - Infection Control.pdf,2395124,2018-11-01 10:48
00 CSA - Canadian Standards Association,CSA Z317.1_2021_Scan.pdf,00 Codes\00 CSA - Canadian Standards Association\CSA Z317.1_2021_Scan.pdf,../00 Codes/00 CSA - Canadian Standards Association/CSA Z317.1_2021_Scan.pdf,25479153,2025-08-14 7:22
00 CSA - Canadian Standards Association,CSA Z317.2 - 2010 Special Requirements for HVAC in Health Care Facilities (mandated by AHC 2014).pdf,00 Codes\00 CSA - Canadian Standards Association\CSA Z317.2 - 2010 Special Requirements for HVAC in Health Care Facilities (mandated by AHC 2014).pdf,../00 Codes/00 CSA - Canadian Standards Association/CSA Z317.2 - 2010 Special Requirements for HVAC in Health Care Facilities (mandated by AHC 2014).pdf,1514747,2014-03-10 14:23
00 CSA - Canadian Standards Association,CSA Z317.2 - 2015 Special Requirements for HVAC In Health Care Facilities.pdf,00 Codes\00 CSA - Canadian Standards Association\CSA Z317.2 - 2015 Special Requirements for HVAC In Health Care Facilities.pdf,../00 Codes/00 CSA - Canadian Standards Association/CSA Z317.2 - 2015 Special Requirements for HVAC In Health Care Facilities.pdf,2421448,2024-05-09 10:35
00 CSA - Canadian Standards Association,CSA Z317.2 - 2019 EN.pdf,00 Codes\00 CSA - Canadian Standards Association\CSA Z317.2 - 2019 EN.pdf,../00 Codes/00 CSA - Canadian Standards Association/CSA Z317.2 - 2019 EN.pdf,1452679,2026-03-23 10:56
00 CSA - Canadian Standards Association,CSA Z317.2 - 2019 Special Requirements for HVAC in Health Care Facilities .pdf,00 Codes\00 CSA - Canadian Standards Association\CSA Z317.2 - 2019 Special Requirements for HVAC in Health Care Facilities .pdf,../00 Codes/00 CSA - Canadian Standards Association/CSA Z317.2 - 2019 Special Requirements for HVAC in Health Care Facilities .pdf,1826366,2020-10-27 16:31
00 CSA - Canadian Standards Association,CSA Z317.2 - 2019 Special Requirements for HVAC in Health Care Facilities edited .pdf,00 Codes\00 CSA - Canadian Standards Association\CSA Z317.2 - 2019 Special Requirements for HVAC in Health Care Facilities edited .pdf,../00 Codes/00 CSA - Canadian Standards Association/CSA Z317.2 - 2019 Special Requirements for HVAC in Health Care Facilities edited .pdf,1852049,2020-11-20 8:54
00 CSA - Canadian Standards Association,CSA Z317.2 - 2024 Special Requirements for HVAC Systems in health care facilities.pdf,00 Codes\00 CSA - Canadian Standards Association\CSA Z317.2 - 2024 Special Requirements for HVAC Systems in health care facilities.pdf,../00 Codes/00 CSA - Canadian Standards Association/CSA Z317.2 - 2024 Special Requirements for HVAC Systems in health care facilities.pdf,4057296,2026-01-14 15:41
00 CSA - Canadian Standards Association,CSA Z317.2-.pdf,00 Codes\00 CSA - Canadian Standards Association\CSA Z317.2-.pdf,../00 Codes/00 CSA - Canadian Standards Association/CSA Z317.2-.pdf,1719147,2020-10-27 16:28
00 CSA - Canadian Standards Association,CSA Z7396-1 2006 (out dated for reference only) - Medical gas Code.pdf,00 Codes\00 CSA - Canadian Standards Association\CSA Z7396-1 2006 (out dated for reference only) - Medical gas Code.pdf,../00 Codes/00 CSA - Canadian Standards Association/CSA Z7396-1 2006 (out dated for reference only) - Medical gas Code.pdf,1462949,2026-03-10 20:00
00 CSA - Canadian Standards Association,CSA Z7396.1 2012 (Mandated by NBC-AE 2019) - Medical Gas Pipeline Systems Part 1.pdf,00 Codes\00 CSA - Canadian Standards Association\CSA Z7396.1 2012 (Mandated by NBC-AE 2019) - Medical Gas Pipeline Systems Part 1.pdf,../00 Codes/00 CSA - Canadian Standards Association/CSA Z7396.1 2012 (Mandated by NBC-AE 2019) - Medical Gas Pipeline Systems Part 1.pdf,2630733,2015-11-30 8:36
00 CSA - Canadian Standards Association,CSA Z7396.1 2017 (Mandated by NBC-AE 2023 after May 1 2024).pdf,00 Codes\00 CSA - Canadian Standards Association\CSA Z7396.1 2017 (Mandated by NBC-AE 2023 after May 1 2024).pdf,../00 Codes/00 CSA - Canadian Standards Association/CSA Z7396.1 2017 (Mandated by NBC-AE 2023 after May 1 2024).pdf,4341648,2020-10-27 16:33
00 CSA - Canadian Standards Association,CSA Z7396.1 2017 (Mandated by NBC-AE 2023 after May 1 2024)_PDF.pdf,00 Codes\00 CSA - Canadian Standards Association\CSA Z7396.1 2017 (Mandated by NBC-AE 2023 after May 1 2024)_PDF.pdf,../00 Codes/00 CSA - Canadian Standards Association/CSA Z7396.1 2017 (Mandated by NBC-AE 2023 after May 1 2024)_PDF.pdf,128485999,2026-03-10 20:01
00 CSA - Canadian Standards Association,CSA Z7396.1-22 (NOT MANDATED BY NBC AE 2023).pdf,00 Codes\00 CSA - Canadian Standards Association\CSA Z7396.1-22 (NOT MANDATED BY NBC AE 2023).pdf,../00 Codes/00 CSA - Canadian Standards Association/CSA Z7396.1-22 (NOT MANDATED BY NBC AE 2023).pdf,6082895,2025-12-04 14:57
00 CSA - Canadian Standards Association,CSA Z7396.1_2009 (mandated by ABC 2014) - Medical Gas Pipeline  Systems.pdf,00 Codes\00 CSA - Canadian Standards Association\CSA Z7396.1_2009 (mandated by ABC 2014) - Medical Gas Pipeline  Systems.pdf,../00 Codes/00 CSA - Canadian Standards Association/CSA Z7396.1_2009 (mandated by ABC 2014) - Medical Gas Pipeline  Systems.pdf,708804,2015-10-29 8:38
00 CSA - Canadian Standards Association,CSA Z8000 - Canadian Health Care Facilities - 2018.pdf,00 Codes\00 CSA - Canadian Standards Association\CSA Z8000 - Canadian Health Care Facilities - 2018.pdf,../00 Codes/00 CSA - Canadian Standards Association/CSA Z8000 - Canadian Health Care Facilities - 2018.pdf,19115906,2024-01-24 10:31
00 CSA - Canadian Standards Association,CSA-B128.1 - Design and Install of non-potable water systems.pdf,00 Codes\00 CSA - Canadian Standards Association\CSA-B128.1 - Design and Install of non-potable water systems.pdf,../00 Codes/00 CSA - Canadian Standards Association/CSA-B128.1 - Design and Install of non-potable water systems.pdf,558834,2018-10-17 12:18
00 CSA - Canadian Standards Association,2425192.pdf,00 Codes\00 CSA - Canadian Standards Association\B365-17 Installation code for solid fuel burning appliances and equipment\2425192.pdf,../00 Codes/00 CSA - Canadian Standards Association/B365-17 Installation code for solid fuel burning appliances and equipment/2425192.pdf,3803925,2021-12-01 14:13
00 CSA - Canadian Standards Association,Canadian Gas Code B149.pdf,00 Codes\00 CSA - Canadian Standards Association\Canadian Gas Code - Obsolete\Canadian Gas Code B149.pdf,../00 Codes/00 CSA - Canadian Standards Association/Canadian Gas Code - Obsolete/Canadian Gas Code B149.pdf,4070957,2017-11-17 11:22
00 CSA - Canadian Standards Association,2426329.pdf,00 Codes\00 CSA - Canadian Standards Association\CSA B-139-19 Installation Code For Oil Burning Equipment\2426329.pdf,../00 Codes/00 CSA - Canadian Standards Association/CSA B-139-19 Installation Code For Oil Burning Equipment/2426329.pdf,7102911,2023-10-26 7:28
00 CSA - Canadian Standards Association,CSA B139 - Installation Code for Oil Burning Equipment - 2019.pdf,00 Codes\00 CSA - Canadian Standards Association\CSA B-139-19 Installation Code For Oil Burning Equipment\CSA B139 - Installation Code for Oil Burning Equipment - 2019.pdf,../00 Codes/00 CSA - Canadian Standards Association/CSA B-139-19 Installation Code For Oil Burning Equipment/CSA B139 - Installation Code for Oil Burning Equipment - 2019.pdf,293816394,2026-01-26 7:57
00 CSA - Canadian Standards Association,2427296.pdf,00 Codes\00 CSA - Canadian Standards Association\CSA B149-1-20 - Natural gas and propane installation code\2427296.pdf,../00 Codes/00 CSA - Canadian Standards Association/CSA B149-1-20 - Natural gas and propane installation code/2427296.pdf,7816218,2023-05-24 12:55
00 CSA - Canadian Standards Association,4.14 Accessibility.pdf,00 Codes\00 CSA - Canadian Standards Association\CSA B149-1-20 - Natural gas and propane installation code\4.14 Accessibility.pdf,../00 Codes/00 CSA - Canadian Standards Association/CSA B149-1-20 - Natural gas and propane installation code/4.14 Accessibility.pdf,1123097,2026-04-17 12:41
00 CSA - Canadian Standards Association,CSA B149-1-20 [Mostly Searchable].pdf,00 Codes\00 CSA - Canadian Standards Association\CSA B149-1-20 - Natural gas and propane installation code\CSA B149-1-20 [Mostly Searchable].pdf,../00 Codes/00 CSA - Canadian Standards Association/CSA B149-1-20 - Natural gas and propane installation code/CSA B149-1-20 [Mostly Searchable].pdf,181565191,2025-10-30 6:56
00 CSA - Canadian Standards Association,CSA B149-1-20.pdf,00 Codes\00 CSA - Canadian Standards Association\CSA B149-1-20 - Natural gas and propane installation code\CSA B149-1-20.pdf,../00 Codes/00 CSA - Canadian Standards Association/CSA B149-1-20 - Natural gas and propane installation code/CSA B149-1-20.pdf,180341793,2024-12-18 14:00
00 CSA - Canadian Standards Association,CSA B149.1-15 - Natural gas and propane installation code.pdf,00 Codes\00 CSA - Canadian Standards Association\CSA B149-1-20 - Natural gas and propane installation code\CSA B149.1-15 - Natural gas and propane installation code.pdf,../00 Codes/00 CSA - Canadian Standards Association/CSA B149-1-20 - Natural gas and propane installation code/CSA B149.1-15 - Natural gas and propane installation code.pdf,47876688,2026-02-06 10:45
00 CSA - Canadian Standards Association,gas safety information bulletin.pdf,00 Codes\00 CSA - Canadian Standards Association\CSA B149-1-20 - Natural gas and propane installation code\gas safety information bulletin.pdf,../00 Codes/00 CSA - Canadian Standards Association/CSA B149-1-20 - Natural gas and propane installation code/gas safety information bulletin.pdf,174682,2025-01-07 9:55
00 CSA - Canadian Standards Association,ma-standata-interpretation-gas-25-gci-002-2026-03.pdf,00 Codes\00 CSA - Canadian Standards Association\CSA B149-1-20 - Natural gas and propane installation code\ma-standata-interpretation-gas-25-gci-002-2026-03.pdf,../00 Codes/00 CSA - Canadian Standards Association/CSA B149-1-20 - Natural gas and propane installation code/ma-standata-interpretation-gas-25-gci-002-2026-03.pdf,223465,2026-04-20 15:32
00 CSA - Canadian Standards Association,2427740 (2).pdf,00 Codes\00 CSA - Canadian Standards Association\CSA B149HB 20\2427740 (2).pdf,../00 Codes/00 CSA - Canadian Standards Association/CSA B149HB 20/2427740 (2).pdf,1936580,2023-10-18 16:10
00 CSA - Canadian Standards Association,CSA B149HB 20.pdf,00 Codes\00 CSA - Canadian Standards Association\CSA B149HB 20\CSA B149HB 20.pdf,../00 Codes/00 CSA - Canadian Standards Association/CSA B149HB 20/CSA B149HB 20.pdf,22530838,2023-09-13 12:13
00 CSA - Canadian Standards Association,CAN-ULC-S1001-11-EN_1.pdf,00 Codes\00 CSA - Canadian Standards Association\CSA B214\CAN-ULC-S1001-11-EN_1.pdf,../00 Codes/00 CSA - Canadian Standards Association/CSA B214/CAN-ULC-S1001-11-EN_1.pdf,215906,2018-11-20 15:07
00 CSA - Canadian Standards Association,2426631.pdf,00 Codes\00 CSA - Canadian Standards Association\CSA B52-18 Mechanical Refrigeration Code\2426631.pdf,../00 Codes/00 CSA - Canadian Standards Association/CSA B52-18 Mechanical Refrigeration Code/2426631.pdf,2977725,2023-10-26 7:27
00 CSA - Canadian Standards Association,B52-2023.pdf,00 Codes\00 CSA - Canadian Standards Association\CSA B52-2023 Mechanical Refrigeration Code\B52-2023.pdf,../00 Codes/00 CSA - Canadian Standards Association/CSA B52-2023 Mechanical Refrigeration Code/B52-2023.pdf,2416908,2025-05-14 11:54
00 CSA - Canadian Standards Association,CSA B52-23 - Searchable.pdf,00 Codes\00 CSA - Canadian Standards Association\CSA B52-2023 Mechanical Refrigeration Code\CSA B52-23 - Searchable.pdf,../00 Codes/00 CSA - Canadian Standards Association/CSA B52-2023 Mechanical Refrigeration Code/CSA B52-23 - Searchable.pdf,36218021,2026-01-06 6:44
00 CSA - Canadian Standards Association,ma-standata-variance-building-23-bcv-009-2024-10.pdf,00 Codes\00 CSA - Canadian Standards Association\CSA B52-2023 Mechanical Refrigeration Code\ma-standata-variance-building-23-bcv-009-2024-10.pdf,../00 Codes/00 CSA - Canadian Standards Association/CSA B52-2023 Mechanical Refrigeration Code/ma-standata-variance-building-23-bcv-009-2024-10.pdf,61572,2025-10-15 8:27
00 CSA - Canadian Standards Association,CSA B44 - Elevator Code - 2002.pdf,00 Codes\00 CSA - Canadian Standards Association\Obsolete\CSA B44 - Elevator Code - 2002.pdf,../00 Codes/00 CSA - Canadian Standards Association/Obsolete/CSA B44 - Elevator Code - 2002.pdf,7452973,2014-04-16 8:56
00 CSA - Canadian Standards Association,CSA Z317.1 - Special requirements for plumbing installations in health care facilities - 2009.pdf,00 Codes\00 CSA - Canadian Standards Association\Obsolete\CSA Z317.1 - Special requirements for plumbing installations in health care facilities - 2009.pdf,../00 Codes/00 CSA - Canadian Standards Association/Obsolete/CSA Z317.1 - Special requirements for plumbing installations in health care facilities - 2009.pdf,14263029,2017-05-10 16:11
00 CSA - Canadian Standards Association,CSA Z8000 - Canadian Health Care Facilities - 2011.pdf,00 Codes\00 CSA - Canadian Standards Association\Obsolete\CSA Z8000 - Canadian Health Care Facilities - 2011.pdf,../00 Codes/00 CSA - Canadian Standards Association/Obsolete/CSA Z8000 - Canadian Health Care Facilities - 2011.pdf,4064608,2012-10-25 11:55
00 NBC-AE - Alberta Building Code,NBC-AE - National Building Code Alberta Edition - 2014.pdf,00 Codes\00 NBC-AE - Alberta Building Code\NBC-AE - 2014\NBC-AE - National Building Code Alberta Edition - 2014.pdf,../00 Codes/00 NBC-AE - Alberta Building Code/NBC-AE - 2014/NBC-AE - National Building Code Alberta Edition - 2014.pdf,25309194,2020-01-07 15:52
00 NBC-AE - Alberta Building Code,NBC-AE - National Building Code Alberta Edition - 2019.pdf,00 Codes\00 NBC-AE - Alberta Building Code\NBC-AE - 2019\NBC-AE - National Building Code Alberta Edition - 2019.pdf,../00 Codes/00 NBC-AE - Alberta Building Code/NBC-AE - 2019/NBC-AE - National Building Code Alberta Edition - 2019.pdf,18675290,2025-02-15 15:52
00 NECB - National Energy Code,National Energy Code for Buildings 2011 (NECB) 2014.pdf,00 Codes\00 NECB - National Energy Code\NECB 2011\National Energy Code for Buildings 2011 (NECB) 2014.pdf,../00 Codes/00 NECB - National Energy Code/NECB 2011/National Energy Code for Buildings 2011 (NECB) 2014.pdf,2506429,2017-03-06 14:10
00 NECB - National Energy Code,2015NECB-V1_National_Energy_Code_of_Canada_for_Buildings.pdf,00 Codes\00 NECB - National Energy Code\NECB 2015\2015NECB-V1_National_Energy_Code_of_Canada_for_Buildings.pdf,../00 Codes/00 NECB - National Energy Code/NECB 2015/2015NECB-V1_National_Energy_Code_of_Canada_for_Buildings.pdf,3990934,2021-09-15 16:52
00 NECB - National Energy Code,necb2017_2p.pdf,00 Codes\00 NECB - National Energy Code\NECB 2017\necb2017_2p.pdf,../00 Codes/00 NECB - National Energy Code/NECB 2017/necb2017_2p.pdf,3917470,2020-09-14 13:49
00 NECB - National Energy Code,NECB2020_p1.pdf,00 Codes\00 NECB - National Energy Code\NECB 2020\NECB2020_p1.pdf,../00 Codes/00 NECB - National Energy Code/NECB 2020/NECB2020_p1.pdf,5412086,2022-03-29 14:16
00 NECB - National Energy Code,NECB - National Energy Code of Canada for Buildings - 2025.pdf,00 Codes\00 NECB - National Energy Code\NECB 2025\NECB - National Energy Code of Canada for Buildings - 2025.pdf,../00 Codes/00 NECB - National Energy Code/NECB 2025/NECB - National Energy Code of Canada for Buildings - 2025.pdf,2921060,2026-01-07 15:13
00 NFC-AE - Alberta Fire Code,National Fire Code - Alberta Edition - 2019 (Unlocked).pdf,00 Codes\00 NFC-AE - Alberta Fire Code\NFC-AE - 2019\National Fire Code - Alberta Edition - 2019 (Unlocked).pdf,../00 Codes/00 NFC-AE - Alberta Fire Code/NFC-AE - 2019/National Fire Code - Alberta Edition - 2019 (Unlocked).pdf,2875467,2020-10-27 8:19
00 NFC-AE - Alberta Fire Code,National Fire Code - Alberta Edition - 2023.pdf,00 Codes\00 NFC-AE - Alberta Fire Code\NFC-AE - 2023\National Fire Code - Alberta Edition - 2023.pdf,../00 Codes/00 NFC-AE - Alberta Fire Code/NFC-AE - 2023/National Fire Code - Alberta Edition - 2023.pdf,6391574,2024-09-23 17:02
00 NFPA - National Fire Protection Association,NFPA - 2018 - Medical Gas Cylinder Storage.pdf,00 Codes\00 NFPA - National Fire Protection Association\NFPA - 2018 - Medical Gas Cylinder Storage.pdf,../00 Codes/00 NFPA - National Fire Protection Association/NFPA - 2018 - Medical Gas Cylinder Storage.pdf,1251710,2018-09-26 16:26
00 NFPA - National Fire Protection Association,NFPA 10 - 2013 - Standard for Portable Fire Extinguishers.pdf,00 Codes\00 NFPA - National Fire Protection Association\NFPA 10 - 2013 - Standard for Portable Fire Extinguishers.pdf,../00 Codes/00 NFPA - National Fire Protection Association/NFPA 10 - 2013 - Standard for Portable Fire Extinguishers.pdf,1635972,2015-02-26 13:15
00 NFPA - National Fire Protection Association,NFPA 10 - 2018 - Standard for Portable Fire Extinguishers.pdf,00 Codes\00 NFPA - National Fire Protection Association\NFPA 10 - 2018 - Standard for Portable Fire Extinguishers.pdf,../00 Codes/00 NFPA - National Fire Protection Association/NFPA 10 - 2018 - Standard for Portable Fire Extinguishers.pdf,1005307,2018-06-20 13:26
00 NFPA - National Fire Protection Association,NFPA 101 - 2012 - Life Safety Code.pdf,00 Codes\00 NFPA - National Fire Protection Association\NFPA 101 - 2012 - Life Safety Code.pdf,../00 Codes/00 NFPA - National Fire Protection Association/NFPA 101 - 2012 - Life Safety Code.pdf,5751355,2022-06-23 14:21
00 NFPA - National Fire Protection Association,NFPA 101 - 2018 - Life Safety Code.pdf,00 Codes\00 NFPA - National Fire Protection Association\NFPA 101 - 2018 - Life Safety Code.pdf,../00 Codes/00 NFPA - National Fire Protection Association/NFPA 101 - 2018 - Life Safety Code.pdf,8428596,2022-06-29 13:41
00 NFPA - National Fire Protection Association,NFPA 12 - 2015 - Standard for Carbon Dioxide Extinguishing Systems.pdf,00 Codes\00 NFPA - National Fire Protection Association\NFPA 12 - 2015 - Standard for Carbon Dioxide Extinguishing Systems.pdf,../00 Codes/00 NFPA - National Fire Protection Association/NFPA 12 - 2015 - Standard for Carbon Dioxide Extinguishing Systems.pdf,4223007,2015-02-26 13:20
00 NFPA - National Fire Protection Association,NFPA 12A - 2015 - Standard on Halon 1301 Fire Extinguishing Systems.pdf,00 Codes\00 NFPA - National Fire Protection Association\NFPA 12A - 2015 - Standard on Halon 1301 Fire Extinguishing Systems.pdf,../00 Codes/00 NFPA - National Fire Protection Association/NFPA 12A - 2015 - Standard on Halon 1301 Fire Extinguishing Systems.pdf,3565404,2015-02-26 13:20
00 NFPA - National Fire Protection Association,NFPA 13 - 2013 - Standard for the Installation of Sprinkler Systems.pdf,00 Codes\00 NFPA - National Fire Protection Association\NFPA 13 - 2013 - Standard for the Installation of Sprinkler Systems.pdf,../00 Codes/00 NFPA - National Fire Protection Association/NFPA 13 - 2013 - Standard for the Installation of Sprinkler Systems.pdf,13810077,2026-03-10 10:39
00 NFPA - National Fire Protection Association,NFPA 13 - 2016 - Standard for the Installation of Sprinkler Systems.pdf,00 Codes\00 NFPA - National Fire Protection Association\NFPA 13 - 2016 - Standard for the Installation of Sprinkler Systems.pdf,../00 Codes/00 NFPA - National Fire Protection Association/NFPA 13 - 2016 - Standard for the Installation of Sprinkler Systems.pdf,22988034,2018-06-20 13:21
00 NFPA - National Fire Protection Association,NFPA 13D - 2013 - One and Two Family Dewllings and Manufactured Homes.pdf,00 Codes\00 NFPA - National Fire Protection Association\NFPA 13D - 2013 - One and Two Family Dewllings and Manufactured Homes.pdf,../00 Codes/00 NFPA - National Fire Protection Association/NFPA 13D - 2013 - One and Two Family Dewllings and Manufactured Homes.pdf,2836295,2015-02-26 13:16
00 NFPA - National Fire Protection Association,NFPA 13E - 2013 - Recommended Practice for Fire Department Operations in Propertied Protected by Sprinkler and Standpipe Systems.pdf,00 Codes\00 NFPA - National Fire Protection Association\NFPA 13E - 2013 - Recommended Practice for Fire Department Operations in Propertied Protected by Sprinkler and Standpipe Systems.pdf,../00 Codes/00 NFPA - National Fire Protection Association/NFPA 13E - 2013 - Recommended Practice for Fire Department Operations in Propertied Protected by Sprinkler and Standpipe Systems.pdf,2737261,2015-02-26 13:18
00 NFPA - National Fire Protection Association,NFPA 13E - 2013 - Recommended Practive for Fire Department Operations in Propertied Protected by Sprinkler and Standpipe Systems.pdf,00 Codes\00 NFPA - National Fire Protection Association\NFPA 13E - 2013 - Recommended Practive for Fire Department Operations in Propertied Protected by Sprinkler and Standpipe Systems.pdf,../00 Codes/00 NFPA - National Fire Protection Association/NFPA 13E - 2013 - Recommended Practive for Fire Department Operations in Propertied Protected by Sprinkler and Standpipe Systems.pdf,2737261,2015-02-26 13:18
00 NFPA - National Fire Protection Association,NFPA 13R - 2013 - Standard for the Installation of Sprinkler Systems in Low-Rise Residential Occupancies.pdf,00 Codes\00 NFPA - National Fire Protection Association\NFPA 13R - 2013 - Standard for the Installation of Sprinkler Systems in Low-Rise Residential Occupancies.pdf,../00 Codes/00 NFPA - National Fire Protection Association/NFPA 13R - 2013 - Standard for the Installation of Sprinkler Systems in Low-Rise Residential Occupancies.pdf,2643548,2024-11-27 19:03
00 NFPA - National Fire Protection Association,NFPA 14 - 2013 - Standard for the Installation of Standpipe and Hose Systems.pdf,00 Codes\00 NFPA - National Fire Protection Association\NFPA 14 - 2013 - Standard for the Installation of Standpipe and Hose Systems.pdf,../00 Codes/00 NFPA - National Fire Protection Association/NFPA 14 - 2013 - Standard for the Installation of Standpipe and Hose Systems.pdf,1763824,2025-02-13 14:34
00 NFPA - National Fire Protection Association,NFPA 20 -  2013 - Standard for the Installation of Stationary Pumps for Fire Protection.pdf,00 Codes\00 NFPA - National Fire Protection Association\NFPA 20 -  2013 - Standard for the Installation of Stationary Pumps for Fire Protection.pdf,../00 Codes/00 NFPA - National Fire Protection Association/NFPA 20 -  2013 - Standard for the Installation of Stationary Pumps for Fire Protection.pdf,3469146,2015-02-26 13:19
00 NFPA - National Fire Protection Association,NFPA 20 - 2016 - Standard for the Installation of Stationary Pumps for Fire Protection.pdf,00 Codes\00 NFPA - National Fire Protection Association\NFPA 20 - 2016 - Standard for the Installation of Stationary Pumps for Fire Protection.pdf,../00 Codes/00 NFPA - National Fire Protection Association/NFPA 20 - 2016 - Standard for the Installation of Stationary Pumps for Fire Protection.pdf,4142931,2018-06-20 13:26
00 NFPA - National Fire Protection Association,NFPA 22 - 2018 - Standard for Water Tanks for Private Fire Protection.pdf,00 Codes\00 NFPA - National Fire Protection Association\NFPA 22 - 2018 - Standard for Water Tanks for Private Fire Protection.pdf,../00 Codes/00 NFPA - National Fire Protection Association/NFPA 22 - 2018 - Standard for Water Tanks for Private Fire Protection.pdf,1642150,2018-05-29 8:48
00 NFPA - National Fire Protection Association,NFPA 24 - 2007 - Standard for the Installation of Private Fire Service Mains and their Appurtenances.pdf,00 Codes\00 NFPA - National Fire Protection Association\NFPA 24 - 2007 - Standard for the Installation of Private Fire Service Mains and their Appurtenances.pdf,../00 Codes/00 NFPA - National Fire Protection Association/NFPA 24 - 2007 - Standard for the Installation of Private Fire Service Mains and their Appurtenances.pdf,2470279,2025-10-15 10:42
00 NFPA - National Fire Protection Association,"NFPA 25 - 2017 - Standard for Inspection, Testing and MAintenance of Water-Based Fire Protection Systems.pdf","00 Codes\00 NFPA - National Fire Protection Association\NFPA 25 - 2017 - Standard for Inspection, Testing and MAintenance of Water-Based Fire Protection Systems.pdf","../00 Codes/00 NFPA - National Fire Protection Association/NFPA 25 - 2017 - Standard for Inspection, Testing and MAintenance of Water-Based Fire Protection Systems.pdf",397471,2019-06-27 15:02
00 NFPA - National Fire Protection Association,NFPA 30 - 2015 - Flammable and Combustible Liquids Code.pdf,00 Codes\00 NFPA - National Fire Protection Association\NFPA 30 - 2015 - Flammable and Combustible Liquids Code.pdf,../00 Codes/00 NFPA - National Fire Protection Association/NFPA 30 - 2015 - Flammable and Combustible Liquids Code.pdf,4482786,2015-02-26 13:21
00 NFPA - National Fire Protection Association,NFPA 33 - 2016 - Standard for Spray Application Using Flammable or Combustible Materials.pdf,00 Codes\00 NFPA - National Fire Protection Association\NFPA 33 - 2016 - Standard for Spray Application Using Flammable or Combustible Materials.pdf,../00 Codes/00 NFPA - National Fire Protection Association/NFPA 33 - 2016 - Standard for Spray Application Using Flammable or Combustible Materials.pdf,3035918,2015-11-06 8:38
00 NFPA - National Fire Protection Association,NFPA 45 - 2015 - Standard on Fire Protection for Laboratories Using Chemicals.pdf,00 Codes\00 NFPA - National Fire Protection Association\NFPA 45 - 2015 - Standard on Fire Protection for Laboratories Using Chemicals.pdf,../00 Codes/00 NFPA - National Fire Protection Association/NFPA 45 - 2015 - Standard on Fire Protection for Laboratories Using Chemicals.pdf,3087326,2015-02-26 13:27
00 NFPA - National Fire Protection Association,"NFPA 51 - 2013 - Standard for the Design and Installation of Oxygen Fuel Gas Systems for Welding, Cutting, and Allied Processes .pdf","00 Codes\00 NFPA - National Fire Protection Association\NFPA 51 - 2013 - Standard for the Design and Installation of Oxygen Fuel Gas Systems for Welding, Cutting, and Allied Processes .pdf","../00 Codes/00 NFPA - National Fire Protection Association/NFPA 51 - 2013 - Standard for the Design and Installation of Oxygen Fuel Gas Systems for Welding, Cutting, and Allied Processes .pdf",1274522,2015-02-26 11:56
00 NFPA - National Fire Protection Association,NFPA 51A - 2012 - Standard for Acetylene Cylinder Chargin Plants.pdf,00 Codes\00 NFPA - National Fire Protection Association\NFPA 51A - 2012 - Standard for Acetylene Cylinder Chargin Plants.pdf,../00 Codes/00 NFPA - National Fire Protection Association/NFPA 51A - 2012 - Standard for Acetylene Cylinder Chargin Plants.pdf,799161,2015-02-26 13:28
00 NFPA - National Fire Protection Association,"NFPA 51B - 2009 - Standard for Fire Prevention During Welding, Cutting and Other Hot work.pdf","00 Codes\00 NFPA - National Fire Protection Association\NFPA 51B - 2009 - Standard for Fire Prevention During Welding, Cutting and Other Hot work.pdf","../00 Codes/00 NFPA - National Fire Protection Association/NFPA 51B - 2009 - Standard for Fire Prevention During Welding, Cutting and Other Hot work.pdf",1110761,2015-02-26 11:17
00 NFPA - National Fire Protection Association,NFPA 55 - 2016 - Compressed Gases and Cryogenic Fluids Code.pdf,00 Codes\00 NFPA - National Fire Protection Association\NFPA 55 - 2016 - Compressed Gases and Cryogenic Fluids Code.pdf,../00 Codes/00 NFPA - National Fire Protection Association/NFPA 55 - 2016 - Compressed Gases and Cryogenic Fluids Code.pdf,4273930,2024-11-13 15:32
00 NFPA - National Fire Protection Association,NFPA 55 - 2020 Compressed Gases and Cryogenic Fluids Code.pdf,00 Codes\00 NFPA - National Fire Protection Association\NFPA 55 - 2020 Compressed Gases and Cryogenic Fluids Code.pdf,../00 Codes/00 NFPA - National Fire Protection Association/NFPA 55 - 2020 Compressed Gases and Cryogenic Fluids Code.pdf,6504481,2026-04-29 8:05
00 NFPA - National Fire Protection Association,NFPA 61 - 2020 - Standard for the Prevention of Fires and Dust Explosions in Agricultural and Food Processing Facilitites.pdf,00 Codes\00 NFPA - National Fire Protection Association\NFPA 61 - 2020 - Standard for the Prevention of Fires and Dust Explosions in Agricultural and Food Processing Facilitites.pdf,../00 Codes/00 NFPA - National Fire Protection Association/NFPA 61 - 2020 - Standard for the Prevention of Fires and Dust Explosions in Agricultural and Food Processing Facilitites.pdf,5463817,2022-03-09 8:19
00 NFPA - National Fire Protection Association,NFPA 664 - 2017 - Standard for the Prevention of Fired and Explosions in Wood Processing and Woodworking Facilities.pdf,00 Codes\00 NFPA - National Fire Protection Association\NFPA 664 - 2017 - Standard for the Prevention of Fired and Explosions in Wood Processing and Woodworking Facilities.pdf,../00 Codes/00 NFPA - National Fire Protection Association/NFPA 664 - 2017 - Standard for the Prevention of Fired and Explosions in Wood Processing and Woodworking Facilities.pdf,1708190,2026-01-22 15:18
00 NFPA - National Fire Protection Association,NFPA 68 - 2018 - Standard on Explosion Preotection by Deflagration Venting.pdf,00 Codes\00 NFPA - National Fire Protection Association\NFPA 68 - 2018 - Standard on Explosion Preotection by Deflagration Venting.pdf,../00 Codes/00 NFPA - National Fire Protection Association/NFPA 68 - 2018 - Standard on Explosion Preotection by Deflagration Venting.pdf,1896111,2022-03-09 8:20
00 NFPA - National Fire Protection Association,NFPA 69 - 2014 - Standard on Explosion Prevention systems .pdf,00 Codes\00 NFPA - National Fire Protection Association\NFPA 69 - 2014 - Standard on Explosion Prevention systems .pdf,../00 Codes/00 NFPA - National Fire Protection Association/NFPA 69 - 2014 - Standard on Explosion Prevention systems .pdf,1074546,2023-03-24 9:21
00 NFPA - National Fire Protection Association,NFPA 70_2023_National_Electrical_Code.pdf,00 Codes\00 NFPA - National Fire Protection Association\NFPA 70_2023_National_Electrical_Code.pdf,../00 Codes/00 NFPA - National Fire Protection Association/NFPA 70_2023_National_Electrical_Code.pdf,57925195,2025-01-28 9:05
00 NFPA - National Fire Protection Association,NFPA 820 - 2008 - Standard for Fire Protection in Wastewater Treatment and Collection Facilities.pdf,00 Codes\00 NFPA - National Fire Protection Association\NFPA 820 - 2008 - Standard for Fire Protection in Wastewater Treatment and Collection Facilities.pdf,../00 Codes/00 NFPA - National Fire Protection Association/NFPA 820 - 2008 - Standard for Fire Protection in Wastewater Treatment and Collection Facilities.pdf,1784705,2012-06-01 8:00
00 NFPA - National Fire Protection Association,NFPA 88A - 2015 - Standard for Parking Structure.pdf,00 Codes\00 NFPA - National Fire Protection Association\NFPA 88A - 2015 - Standard for Parking Structure.pdf,../00 Codes/00 NFPA - National Fire Protection Association/NFPA 88A - 2015 - Standard for Parking Structure.pdf,2366107,2015-02-26 13:29
00 NFPA - National Fire Protection Association,NFPA 88B - 1997 - Standard for Repair Garage.pdf,00 Codes\00 NFPA - National Fire Protection Association\NFPA 88B - 1997 - Standard for Repair Garage.pdf,../00 Codes/00 NFPA - National Fire Protection Association/NFPA 88B - 1997 - Standard for Repair Garage.pdf,383005,2015-02-26 13:29
00 NFPA - National Fire Protection Association,NFPA 90A - 2002 - Standard for the Installation of Air-Conditioning and Ventilation Systems.pdf,00 Codes\00 NFPA - National Fire Protection Association\NFPA 90A - 2002 - Standard for the Installation of Air-Conditioning and Ventilation Systems.pdf,../00 Codes/00 NFPA - National Fire Protection Association/NFPA 90A - 2002 - Standard for the Installation of Air-Conditioning and Ventilation Systems.pdf,1404599,2020-06-02 13:54
00 NFPA - National Fire Protection Association,NFPA 90A - 2018 - Standard for the Installation of Air-Conditioning and Ventilation Systems.pdf,00 Codes\00 NFPA - National Fire Protection Association\NFPA 90A - 2018 - Standard for the Installation of Air-Conditioning and Ventilation Systems.pdf,../00 Codes/00 NFPA - National Fire Protection Association/NFPA 90A - 2018 - Standard for the Installation of Air-Conditioning and Ventilation Systems.pdf,506717,2020-08-14 8:04
00 NFPA - National Fire Protection Association,"NFPA 91 - 2015 - Standard for Exhaust Systems for Air Conveying of Vaports, Gases, Mists, and Particulated Solids.pdf","00 Codes\00 NFPA - National Fire Protection Association\NFPA 91 - 2015 - Standard for Exhaust Systems for Air Conveying of Vaports, Gases, Mists, and Particulated Solids.pdf","../00 Codes/00 NFPA - National Fire Protection Association/NFPA 91 - 2015 - Standard for Exhaust Systems for Air Conveying of Vaports, Gases, Mists, and Particulated Solids.pdf",2525783,2015-02-26 13:27
00 NFPA - National Fire Protection Association,NFPA 92 - 2015 - Standard for Smoke Control Systems.pdf,00 Codes\00 NFPA - National Fire Protection Association\NFPA 92 - 2015 - Standard for Smoke Control Systems.pdf,../00 Codes/00 NFPA - National Fire Protection Association/NFPA 92 - 2015 - Standard for Smoke Control Systems.pdf,4147019,2015-02-26 13:22
00 NFPA - National Fire Protection Association,NFPA 92A - 2009 - Standard for Smoke Control Systems Utilizing Barriers and Pressure Differences.pdf,00 Codes\00 NFPA - National Fire Protection Association\NFPA 92A - 2009 - Standard for Smoke Control Systems Utilizing Barriers and Pressure Differences.pdf,../00 Codes/00 NFPA - National Fire Protection Association/NFPA 92A - 2009 - Standard for Smoke Control Systems Utilizing Barriers and Pressure Differences.pdf,921783,2015-02-26 13:22
00 NFPA - National Fire Protection Association,"NFPA 92B - 2009 - Standard for Smoke Management Systems in Malls, Atria, and Large Spaces.pdf","00 Codes\00 NFPA - National Fire Protection Association\NFPA 92B - 2009 - Standard for Smoke Management Systems in Malls, Atria, and Large Spaces.pdf","../00 Codes/00 NFPA - National Fire Protection Association/NFPA 92B - 2009 - Standard for Smoke Management Systems in Malls, Atria, and Large Spaces.pdf",1571115,2015-02-26 13:23
00 NFPA - National Fire Protection Association,NFPA 96 - 2001 - Standard for Ventilation Control and Fire Protection of Commercial Cooking Operations.pdf,00 Codes\00 NFPA - National Fire Protection Association\NFPA 96 - 2001 - Standard for Ventilation Control and Fire Protection of Commercial Cooking Operations.pdf,../00 Codes/00 NFPA - National Fire Protection Association/NFPA 96 - 2001 - Standard for Ventilation Control and Fire Protection of Commercial Cooking Operations.pdf,444453,2022-09-23 11:35
00 NFPA - National Fire Protection Association,NFPA 96 - 2014 - Standard for Ventilation Control and Fire Protection of Commercial Cooking Operations.pdf,00 Codes\00 NFPA - National Fire Protection Association\NFPA 96 - 2014 - Standard for Ventilation Control and Fire Protection of Commercial Cooking Operations.pdf,../00 Codes/00 NFPA - National Fire Protection Association/NFPA 96 - 2014 - Standard for Ventilation Control and Fire Protection of Commercial Cooking Operations.pdf,3425387,2026-03-09 21:25
00 NFPA - National Fire Protection Association,NFPA 99 - 2005 - Standard for Health Care Facilities.pdf,00 Codes\00 NFPA - National Fire Protection Association\NFPA 99 - 2005 - Standard for Health Care Facilities.pdf,../00 Codes/00 NFPA - National Fire Protection Association/NFPA 99 - 2005 - Standard for Health Care Facilities.pdf,4253410,2018-09-26 15:43
00 NFPA - National Fire Protection Association,NFPA 99 - 2015 - Standard for Health Care Facilities Code.pdf,00 Codes\00 NFPA - National Fire Protection Association\NFPA 99 - 2015 - Standard for Health Care Facilities Code.pdf,../00 Codes/00 NFPA - National Fire Protection Association/NFPA 99 - 2015 - Standard for Health Care Facilities Code.pdf,5880312,2015-02-26 13:24
00 NFPA - National Fire Protection Association,NFPA Standard on Aircraft Hangars 2022.pdf,00 Codes\00 NFPA - National Fire Protection Association\NFPA Standard on Aircraft Hangars 2022.pdf,../00 Codes/00 NFPA - National Fire Protection Association/NFPA Standard on Aircraft Hangars 2022.pdf,104039121,2024-09-20 9:39
00 NFPA - National Fire Protection Association,Water Supply for Public Fire Protection in Canada 2020.pdf,00 Codes\00 NFPA - National Fire Protection Association\Water Supply for Public Fire Protection in Canada 2020.pdf,../00 Codes/00 NFPA - National Fire Protection Association/Water Supply for Public Fire Protection in Canada 2020.pdf,579687,2025-04-16 14:25
00 NFPA - National Fire Protection Association,health-food-retail-and-foodservices-code-2020.pdf,00 Codes\00 NFPA - National Fire Protection Association\Alberta Kitchen Guidelines\health-food-retail-and-foodservices-code-2020.pdf,../00 Codes/00 NFPA - National Fire Protection Association/Alberta Kitchen Guidelines/health-food-retail-and-foodservices-code-2020.pdf,1670903,2024-09-22 13:00
00 NFPA - National Fire Protection Association,COSafety.pdf,00 Codes\00 NFPA - National Fire Protection Association\CO Info\COSafety.pdf,../00 Codes/00 NFPA - National Fire Protection Association/CO Info/COSafety.pdf,324618,2019-02-19 10:59
00 NFPA - National Fire Protection Association,13-2013 Standard for the Installation of Sprinkler Systems.pdf,00 Codes\00 NFPA - National Fire Protection Association\obs\13-2013 Standard for the Installation of Sprinkler Systems.pdf,../00 Codes/00 NFPA - National Fire Protection Association/obs/13-2013 Standard for the Installation of Sprinkler Systems.pdf,13067605,2015-07-16 12:04
00 NFPA - National Fire Protection Association,NFPA 10 - Portable Fire Extinguishers (2013).pdf,00 Codes\00 NFPA - National Fire Protection Association\obs\NFPA 10 - Portable Fire Extinguishers (2013).pdf,../00 Codes/00 NFPA - National Fire Protection Association/obs/NFPA 10 - Portable Fire Extinguishers (2013).pdf,1040031,2018-02-07 15:13
00 NFPA - National Fire Protection Association,NFPA 13 - 2013.pdf,00 Codes\00 NFPA - National Fire Protection Association\obs\NFPA 13 - 2013.pdf,../00 Codes/00 NFPA - National Fire Protection Association/obs/NFPA 13 - 2013.pdf,14333724,2018-06-20 13:33
00 NFPA - National Fire Protection Association,NFPA 51.pdf,00 Codes\00 NFPA - National Fire Protection Association\obs\NFPA 51.pdf,../00 Codes/00 NFPA - National Fire Protection Association/obs/NFPA 51.pdf,1274522,2015-02-26 11:56
00 NFPA - National Fire Protection Association,NFPA 51B.pdf,00 Codes\00 NFPA - National Fire Protection Association\obs\NFPA 51B.pdf,../00 Codes/00 NFPA - National Fire Protection Association/obs/NFPA 51B.pdf,3099368,2015-02-26 13:28
00 NFPA - National Fire Protection Association,NFPA 96 2014 - Commercial Cooking.pdf,00 Codes\00 NFPA - National Fire Protection Association\obs\NFPA 96 2014 - Commercial Cooking.pdf,../00 Codes/00 NFPA - National Fire Protection Association/obs/NFPA 96 2014 - Commercial Cooking.pdf,3365837,2023-05-17 12:31
00 NFPA - National Fire Protection Association,NFPA 96 - Standard for Ventilation Control and Fire Protection of Commercial Cooking Operations.pdf,00 Codes\00 NFPA - National Fire Protection Association\obs\ARCHIVES\NFPA 96 - Standard for Ventilation Control and Fire Protection of Commercial Cooking Operations.pdf,../00 Codes/00 NFPA - National Fire Protection Association/obs/ARCHIVES/NFPA 96 - Standard for Ventilation Control and Fire Protection of Commercial Cooking Operations.pdf,33985924,2017-08-21 18:26
00 NFPA - National Fire Protection Association,Pages from NFPA 96 - Standard for Ventilation Control and Fire Protection of Commercial Cooking Operations.pdf,00 Codes\00 NFPA - National Fire Protection Association\obs\ARCHIVES\Pages from NFPA 96 - Standard for Ventilation Control and Fire Protection of Commercial Cooking Operations.pdf,../00 Codes/00 NFPA - National Fire Protection Association/obs/ARCHIVES/Pages from NFPA 96 - Standard for Ventilation Control and Fire Protection of Commercial Cooking Operations.pdf,1427057,2023-02-10 11:15
00 NPC - National Plumbing Code,npc2015_1p - Locked.pdf,00 Codes\00 NPC - National Plumbing Code\npc2015_1p - Locked.pdf,../00 Codes/00 NPC - National Plumbing Code/npc2015_1p - Locked.pdf,5100457,2018-08-13 9:25
00 NPC - National Plumbing Code,2015 National Plumbing Code of Canada.pdf,00 Codes\00 NPC - National Plumbing Code\NPC 2015\2015 National Plumbing Code of Canada.pdf,../00 Codes/00 NPC - National Plumbing Code/NPC 2015/2015 National Plumbing Code of Canada.pdf,5830593,2022-12-15 14:14
00 NPC - National Plumbing Code,NPC - National Plumbing Code - 2015.pdf,00 Codes\00 NPC - National Plumbing Code\NPC 2015\NPC - National Plumbing Code - 2015.pdf,../00 Codes/00 NPC - National Plumbing Code/NPC 2015/NPC - National Plumbing Code - 2015.pdf,5036396,2023-10-23 13:32
00 NPC - National Plumbing Code,Plumbing Code PDF Scan.pdf,00 Codes\00 NPC - National Plumbing Code\NPC 2015\Plumbing Code PDF Scan.pdf,../00 Codes/00 NPC - National Plumbing Code/NPC 2015/Plumbing Code PDF Scan.pdf,69910628,2022-10-20 17:02
00 NPC - National Plumbing Code,NPC - National Plumbing Code - 2020 - LT.pdf,00 Codes\00 NPC - National Plumbing Code\NPC 2020\NPC - National Plumbing Code - 2020 - LT.pdf,../00 Codes/00 NPC - National Plumbing Code/NPC 2020/NPC - National Plumbing Code - 2020 - LT.pdf,3868931,2025-09-15 9:06
00 NPC - National Plumbing Code,CSA_B149.1_2025-3_Column_Comparison.pdf,00 Codes\00 NPC - National Plumbing Code\NPC 2025\CSA_B149.1_2025-3_Column_Comparison.pdf,../00 Codes/00 NPC - National Plumbing Code/NPC 2025/CSA_B149.1_2025-3_Column_Comparison.pdf,942077,2026-03-16 15:49
00 NPC - National Plumbing Code,Gas-codes-in-force-march-2026-03.pdf,00 Codes\00 NPC - National Plumbing Code\NPC 2025\Gas-codes-in-force-march-2026-03.pdf,../00 Codes/00 NPC - National Plumbing Code/NPC 2025/Gas-codes-in-force-march-2026-03.pdf,142748,2026-03-17 8:41
00 NPC - National Plumbing Code,NPC - National Plumbing Code - 2025.pdf,00 Codes\00 NPC - National Plumbing Code\NPC 2025\NPC - National Plumbing Code - 2025.pdf,../00 Codes/00 NPC - National Plumbing Code/NPC 2025/NPC - National Plumbing Code - 2025.pdf,1729309,2026-03-18 8:01
